,UAE freezones,UAE freezones,UAE freezones,UAE freezones,UAE freezones,UAE freezones,UAE freezones,UAE freezones,UAE freezones,UAE freezones,UAE freezones,UAE freezones,UAE freezones,UAE freezones,UAE freezones,UAE freezones,UAE freezones,UAE freezones,UAE freezones,UAE freezones,UAE freezones,UAE freezones,UAE freezones,UAE freezones,UAE freezones,UAE freezones,UAE freezones,UAE freezones,UAE freezones,UAE freezones,UAE freezones,UAE freezones,UAE freezones,UAE freezones,UAE freezones,UAE freezones,UAE freezones,UAE freezones,UAE freezones,UAE freezones,UAE freezones,UAE freezones,UAE freezones,UAE freezones,UAE freezones,UAE freezones,UAE freezones,UAE freezones,UAE freezones,UAE freezones,UAE freezones,UAE freezones,UAE freezones,UAE freezones,UAE freezones,UAE freezones,UAE freezones,UAE freezones,UAE freezones,UAE freezones,UAE freezones,UAE freezones,UAE freezones,,
,Dubai,Dubai,Dubai,Dubai,Dubai,Dubai,Dubai,Dubai,Dubai,Dubai,Dubai,Sharjah,Sharjah,Sharjah,Sharjah,Sharjah,Sharjah,Sharjah,Sharjah,Sharjah,Sharjah,Sharjah,Sharjah,Sharjah,Sharjah,Sharjah,Sharjah,Sharjah,Sharjah,Sharjah,Sharjah,Sharjah,Sharjah,Sharjah,Sharjah,Sharjah,Sharjah,Sharjah,Sharjah,Sharjah,Sharjah,Sharjah,Sharjah,Sharjah,Sharjah,Sharjah,Sharjah,Sharjah,Sharjah,Sharjah,Sharjah,Sharjah,Sharjah,RAK,RAK,RAK,RAK,RAK,RAK,RAK,RAK,RAK,RAK,,
,Meydan Free Zone,Meydan Free Zone,Meydan Free Zone,Meydan Free Zone,Meydan Free Zone,Meydan Free Zone,Meydan Free Zone,International Free Zone Authority (IFZA),International Free Zone Authority (IFZA),International Free Zone Authority (IFZA),International Free Zone Authority (IFZA),Shams Free Zone,Shams Free Zone,Shams Free Zone,Shams Free Zone,Shams Free Zone,Shams Free Zone,Shams Free Zone,Shams Free Zone,Shams Free Zone,Shams Free Zone,Shams Free Zone,Shams Free Zone,Shams Free Zone,Shams Free Zone,Shams Free Zone,Shams Free Zone,Shams Free Zone,Shams Free Zone,Shams Free Zone,Shams Free Zone,Shams Free Zone,Shams Free Zone,Shams Free Zone,Shams Free Zone,Shams Free Zone,Shams Free Zone,Shams Free Zone,Shams Free Zone,Shams Free Zone,Shams Free Zone,Shams Free Zone,Shams Free Zone,Shams Free Zone,Shams Free Zone,Shams Free Zone,Shams Free Zone,Shams Free Zone,Shams Free Zone,Shams Free Zone,Shams Free Zone,Shams Free Zone,Shams Free Zone,Ras Al Khaimah Economic Zones (RAKEZ),Ras Al Khaimah Economic Zones (RAKEZ),Ras Al Khaimah Economic Zones (RAKEZ),Ras Al Khaimah Economic Zones (RAKEZ),Ras Al Khaimah Economic Zones (RAKEZ),Ras Al Khaimah Economic Zones (RAKEZ),Ras Al Khaimah Economic Zones (RAKEZ),Ras Al Khaimah Economic Zones (RAKEZ),Ras Al Khaimah Economic Zones (RAKEZ),Ras Al Khaimah Economic Zones (RAKEZ),RAKICC,Jebel Ali
Summary,,,,,,,,,,,,,,,,,,,,,,,,,,,,,,,,,,,,,,,,,,,,,,,,,,,,,,,,,,,,,,,,,
Package title,Meydan (0 visa),Meydan (1 visa),Meydan (2 visa),Meydan (3 visa),Meydan (4 visa),Meydan (5 visa),Meydan (6 visa),IFZA (0 visa),IFZA (1 visa),IFZA (2 visa),IFZA (3 visa),Shams (Standard - 0 visa),Shams (Standard - 1 visa),Shams (Standard - 2 visa),Shams (Standard - 3 visa),Shams (Standard - 4 visa),Shams (Standard - 5 visa),Shams (Standard - 6 visa),Shams (Standard - 7 visa),Shams (Standard - 8 visa),Shams (Standard - 9 visa),Shams (Standard - 10 visa),Shams (Standard - 11 visa),Shams (Standard - 12 visa),Shams (Standard - 13 visa),Shams (Standard - 14 visa),Shams (Standard - 15 visa),Shams (Standard - 16 visa),Shams (Standard - 17 visa),Shams (Standard - 18 visa),Shams (Standard - 19 visa),Shams (Standard - 20 visa),Shams (Tripple - 0 visa),Shams (Tripple - 1 visa),Shams (Tripple - 2 visa),Shams (Tripple - 3 visa),Shams (Tripple - 4 visa),Shams (Tripple - 5 visa) ,Shams (Tripple - 6 visa),Shams (Tripple - 7 visa),Shams (Tripple - 8 visa),Shams (Tripple 9 visa),Shams (Tripple 10 visa),Shams (Tripple - 11 visa),Shams (Tripple - 12 visa),Shams (Tripple - 13 visa),Shams (Tripple - 14 visa),Shams (Tripple - 15 visa),Shams (Tripple - 16 visa),Shams (Tripple - 17 visa),Shams (Tripple - 18 visa),Shams (Tripple - 19 visa),Shams (Tripple - 20 visa),RAKEZ (BizStarter 0 VISA),RAKEZ (BizStarter 1 VISA),RAKEZ (ALL INCLUSIVE 1 VISA ),RAKEZ (Networking),RAKEZ (Entrepreneur),RAKEZ (ALL INCLUSIVE 2 VISA),RAKEZ (ALL INCLUSIVE 3 VISA),RAKEZ (ALL INCLUSIVE 4 VISA),RAKEZ (Partner),RAKEZ (Enterprise),RAK Offshore,JAFZA Offshore
Package expiration,Permanent,Permanent,Permanent,Permanent,Permanent,Permanent,Permanent,Permanent,Permanent,Permanent,Permanent,Permanent,Permanent,Permanent,Permanent,Permanent,Permanent,Permanent,Permanent,Permanent,Permanent,Permanent,Permanent,Permanent,Permanent,Permanent,Permanent,Permanent,Permanent,Permanent,Permanent,Permanent,Permanent,Permanent,Permanent,Permanent,Permanent,Permanent,Permanent,Permanent,Permanent,Permanent,Permanent,Permanent,Permanent,Permanent,Permanent,Permanent,Permanent,Permanent,Permanent,Permanent,Permanent,Permanent,Permanent,Permanent,Permanent,Permanent,Permanent,Permanent,Permanent,Permanent,Permanent,Permanent,Permanent
General features,Meydan Benefits,Meydan Benefits,Meydan Benefits,Meydan Benefits,Meydan Benefits,Meydan Benefits,Meydan Benefits,IFZA Benefits,IFZA Benefits,IFZA Benefits,IFZA Benefits,Shams Benefits,Shams Benefits,Shams Benefits,Shams Benefits,Shams Benefits,Shams Benefits,Shams Benefits,Shams Benefits,Shams Benefits,Shams Benefits,Shams Benefits,Shams Benefits,Shams Benefits,Shams Benefits,Shams Benefits,Shams Benefits,Shams Benefits,Shams Benefits,Shams Benefits,Shams Benefits,Shams Benefits,Shams Benefits,Shams Benefits,Shams Benefits,Shams Benefits,Shams Benefits,Shams Benefits,Shams Benefits,Shams Benefits,Shams Benefits,Shams Benefits,Shams Benefits,Shams Benefits,Shams Benefits,Shams Benefits,Shams Benefits,Shams Benefits,Shams Benefits,Shams Benefits,Shams Benefits,Shams Benefits,Shams Benefits,RAKEZ Benefits,RAKEZ Benefits,RAKEZ Benefits,RAKEZ Benefits,RAKEZ Benefits,RAKEZ Benefits,RAKEZ Benefits,RAKEZ Benefits,RAKEZ Benefits,RAKEZ Benefits,RAKICC Features,JAFZA Offshore Features
Activities (all),Meydan Activities,Meydan Activities,Meydan Activities,Meydan Activities,Meydan Activities,Meydan Activities,Meydan Activities,IFZA Activities (Activities.ifza.com),IFZA Activities (Activities.ifza.com),IFZA Activities (Activities.ifza.com),IFZA Activities (Activities.ifza.com),Shams Activities,Shams Activities,Shams Activities,Shams Activities,Shams Activities,Shams Activities,Shams Activities,Shams Activities,Shams Activities,Shams Activities,Shams Activities,Shams Activities,Shams Activities,Shams Activities,Shams Activities,Shams Activities,Shams Activities,Shams Activities,Shams Activities,Shams Activities,Shams Activities,Shams Activities,Shams Activities,Shams Activities,Shams Activities,Shams Activities,Shams Activities,Shams Activities,Shams Activities,Shams Activities,Shams Activities,Shams Activities,Shams Activities,Shams Activities,Shams Activities,Shams Activities,Shams Activities,Shams Activities,Shams Activities,Shams Activities,Shams Activities,Shams Activities,RAKEZ Activities,RAKEZ Activities,RAKEZ Activities,RAKEZ Activities,RAKEZ Activities,RAKEZ Activities,RAKEZ Activities,RAKEZ Activities,RAKEZ Activities,RAKEZ Activities,Any,Any
Prohibited activities,Prohibited activities,Prohibited activities,Prohibited activities,Prohibited activities,Prohibited activities,Prohibited activities,Prohibited activities,Prohibited activities,Prohibited activities,Prohibited activities,Prohibited activities,Prohibited activities,Prohibited activities,Prohibited activities,Prohibited activities,Prohibited activities,Prohibited activities,Prohibited activities,Prohibited activities,Prohibited activities,Prohibited activities,Prohibited activities,Prohibited activities,Prohibited activities,Prohibited activities,Prohibited activities,Prohibited activities,Prohibited activities,Prohibited activities,Prohibited activities,Prohibited activities,Prohibited activities,Prohibited activities,Prohibited activities,Prohibited activities,Prohibited activities,Prohibited activities,Prohibited activities,Prohibited activities,Prohibited activities,Prohibited activities,Prohibited activities,Prohibited activities,Prohibited activities,Prohibited activities,Prohibited activities,Prohibited activities,Prohibited activities,Prohibited activities,Prohibited activities,Prohibited activities,Prohibited activities,Prohibited activities,Prohibited activities,Prohibited activities,Prohibited activities,Prohibited activities,Prohibited activities,Prohibited activities,Prohibited activities,Prohibited activities,Prohibited activities,Prohibited activities,Prohibited activities,Prohibited activities
Maximum activities,"3 included, Unlimited can be added for a fee","3 included, Unlimited can be added for a fee","3 included, Unlimited can be added for a fee","3 included, Unlimited can be added for a fee","3 included, Unlimited can be added for a fee","3 included, Unlimited can be added for a fee","3 included, Unlimited can be added for a fee","3 included, 4 more can be added for a fee","3 included, 4 more can be added for a fee","3 included, 4 more can be added for a fee","3 included, 4 more can be added for a fee",5,5,5,5,5,5,5,5,5,5,5,5,5,5,5,5,5,5,5,5,5,3,3,3,3,3,3,3,3,3,3,3,3,3,3,3,3,3,3,3,3,3,1,1,7,7,7,7,7,7,7,7,Any,Any
Maximum visas,0,1,2,3,4,5,6,0,1,2,3,0,1,2,3,4,5,6,7,8,9,10,11,12,13,14,15,16,17,18,19,20,0,1,2,3,4,5,6,7,8,9,10,11,12,13,14,15,16,17,18,19,20,0,1,1,0,1,2,3,4,2,4,0,0
Visa special,none,none,none,none,none,none,none,none,none,none,none,none,none,none,none,none,none,none,none,none,none,none,none,none,none,none,none,none,none,none,none,none,none,none,none,none,none,none,none,none,none,none,none,none,none,none,none,none,none,none,none,none,none,none,"1 FREE (1 cycle, 2 years)",1 FREE (Lifetime),none,"1 FREE (1 cycle, 2 years)",2 FREE (Lifetime),3 FREE (Lifetime),4 FREE (Lifetime),"1 FREE (1 cycle, 2 years)","1 FREE (1 cycle, 2 years)",NA,NA
Corporate Requirements,,,,,,,,,,,,,,,,,,,,,,,,,,,,,,,,,,,,,,,,,,,,,,,,,,,,,,,,,,,,,,,,,
Minimum shareholders,1,1,1,1,1,1,1,1,1,1,1,1,1,1,1,1,1,1,1,1,1,1,1,1,1,1,1,1,1,1,1,1,1,1,1,1,1,1,1,1,1,1,1,1,1,1,1,1,1,1,1,1,1,1,1,1,1,1,1,1,1,1,1,1,1
Minimum directors,1,1,1,1,1,1,1,1,1,1,1,1,1,1,1,1,1,1,1,1,1,1,1,1,1,1,1,1,1,1,1,1,1,1,1,1,1,1,1,1,1,1,1,1,1,1,1,1,1,1,1,1,1,1,1,1,1,1,1,1,1,1,1,1,1
Maximum shareholders,6 included (up to 50 with approval and fees),6 included (up to 50 with approval and fees),6 included (up to 50 with approval and fees),6 included (up to 50 with approval and fees),6 included (up to 50 with approval and fees),6 included (up to 50 with approval and fees),6 included (up to 50 with approval and fees),3 included (up to 50 with approval and fees),3 included (up to 50 with approval and fees),3 included (up to 50 with approval and fees),3 included (up to 50 with approval and fees),50,50,50,50,50,50,50,50,50,50,50,50,50,50,50,50,50,50,50,50,50,50,50,50,50,50,50,50,50,50,50,50,50,50,50,50,50,50,50,50,50,50,1,1,5,5,5,5,5,5,5,5,No limit,No limit
Maximum directors,4,4,4,4,4,4,4,4,4,4,4,4,4,4,4,4,4,4,4,4,4,4,4,4,4,4,4,4,4,4,4,4,4,4,4,4,4,4,4,4,4,4,4,4,4,4,4,4,4,4,4,4,4,5,5,5,5,5,5,5,5,5,5,No limit,No limit
Company secretary required,No,No,No,No,No,No,No,Yes (can be same as shareholder),Yes (can be same as shareholder),Yes (can be same as shareholder),Yes (can be same as shareholder),No,No,No,No,No,No,No,No,No,No,No,No,No,No,No,No,No,No,No,No,No,No,No,No,No,No,No,No,No,No,No,No,No,No,No,No,No,No,No,No,No,No,No,No,No,No,No,No,No,No,No,No,Yes,Yes
Corporate secretary allowed,No,No,No,No,No,No,No,No,No,No,No,No,No,No,No,No,No,No,No,No,No,No,No,No,No,No,No,No,No,No,No,No,No,No,No,No,No,No,No,No,No,No,No,No,No,No,No,No,No,No,No,No,No,Yes,Yes,Yes,Yes,Yes,Yes,Yes,Yes,Yes,Yes,No,No
Corporate directors allowed,No,No,No,No,No,No,No,No,No,No,No,Yes,Yes,Yes,Yes,Yes,Yes,Yes,Yes,Yes,Yes,Yes,Yes,Yes,Yes,Yes,Yes,Yes,Yes,Yes,Yes,Yes,Yes,Yes,Yes,Yes,Yes,Yes,Yes,Yes,Yes,Yes,Yes,Yes,Yes,Yes,Yes,Yes,Yes,Yes,Yes,Yes,Yes,Yes,Yes,Yes,Yes,Yes,Yes,Yes,Yes,Yes,Yes,Yes,Yes
Corporate shareholders allowed,Yes,Yes,Yes,Yes,Yes,Yes,Yes,Yes,Yes,Yes,Yes,Yes,Yes,Yes,Yes,Yes,Yes,Yes,Yes,Yes,Yes,Yes,Yes,Yes,Yes,Yes,Yes,Yes,Yes,Yes,Yes,Yes,Yes,Yes,Yes,Yes,Yes,Yes,Yes,Yes,Yes,Yes,Yes,Yes,Yes,Yes,Yes,Yes,Yes,Yes,Yes,Yes,Yes,No,No,Yes,Yes,Yes,Yes,Yes,Yes,Yes,Yes,Yes,Yes
Manager,Shareholder or Non-Shareholder,Shareholder or Non-Shareholder,Shareholder or Non-Shareholder,Shareholder or Non-Shareholder,Shareholder or Non-Shareholder,Shareholder or Non-Shareholder,Shareholder or Non-Shareholder,Shareholder or Non-Shareholder,Shareholder or Non-Shareholder,Shareholder or Non-Shareholder,Shareholder or Non-Shareholder,Shareholder or Non-Shareholder,Shareholder or Non-Shareholder,Shareholder or Non-Shareholder,Shareholder or Non-Shareholder,Shareholder or Non-Shareholder,Shareholder or Non-Shareholder,Shareholder or Non-Shareholder,Shareholder or Non-Shareholder,Shareholder or Non-Shareholder,Shareholder or Non-Shareholder,Shareholder or Non-Shareholder,Shareholder or Non-Shareholder,Shareholder or Non-Shareholder,Shareholder or Non-Shareholder,Shareholder or Non-Shareholder,Shareholder or Non-Shareholder,Shareholder or Non-Shareholder,Shareholder or Non-Shareholder,Shareholder or Non-Shareholder,Shareholder or Non-Shareholder,Shareholder or Non-Shareholder,Shareholder or Non-Shareholder,Shareholder or Non-Shareholder,Shareholder or Non-Shareholder,Shareholder or Non-Shareholder,Shareholder or Non-Shareholder,Shareholder or Non-Shareholder,Shareholder or Non-Shareholder,Shareholder or Non-Shareholder,Shareholder or Non-Shareholder,Shareholder or Non-Shareholder,Shareholder or Non-Shareholder,Shareholder or Non-Shareholder,Shareholder or Non-Shareholder,Shareholder or Non-Shareholder,Shareholder or Non-Shareholder,Shareholder or Non-Shareholder,Shareholder or Non-Shareholder,Shareholder or Non-Shareholder,Shareholder or Non-Shareholder,Shareholder or Non-Shareholder,Shareholder or Non-Shareholder,Same as Shareholder,Same as Shareholder,Shareholder or Non-Shareholder,Shareholder or Non-Shareholder,Shareholder or Non-Shareholder,Shareholder or Non-Shareholder,Shareholder or Non-Shareholder,Shareholder or Non-Shareholder,Shareholder or Non-Shareholder,Shareholder or Non-Shareholder,NA,NA
Permited License Activities,,,,,,,,,,,,,,,,,,,,,,,,,,,,,,,,,,,,,,,,,,,,,,,,,,,,,,,,,,,,,,,,,
General Trading,Yes,Yes,Yes,Yes,Yes,Yes,Yes,Yes,Yes,Yes,Yes,Yes,Yes,Yes,Yes,Yes,Yes,Yes,Yes,Yes,Yes,Yes,Yes,Yes,Yes,Yes,Yes,Yes,Yes,Yes,Yes,Yes,Yes,Yes,Yes,Yes,Yes,Yes,Yes,Yes,Yes,Yes,Yes,Yes,Yes,Yes,Yes,Yes,Yes,Yes,Yes,Yes,Yes,Yes,Yes,Yes,NO,NO,YES,YES,YES,NO,NO,Yes,Yes
General Trading + eCommerce,Yes,Yes,Yes,Yes,Yes,Yes,Yes,Yes,Yes,Yes,Yes,Yes,Yes,Yes,Yes,Yes,Yes,Yes,Yes,Yes,Yes,Yes,Yes,Yes,Yes,Yes,Yes,Yes,Yes,Yes,Yes,Yes,Yes,Yes,Yes,Yes,Yes,Yes,Yes,Yes,Yes,Yes,Yes,Yes,Yes,Yes,Yes,Yes,Yes,Yes,Yes,Yes,Yes,Yes,Yes,Yes,NO,NO,YES,YES,YES,NO,NO,Yes,Yes
"Cigarettes, Tobacco, eCigarettes Trading",Yes,Yes,Yes,Yes,Yes,Yes,Yes,Yes,Yes,Yes,Yes,Yes,Yes,Yes,Yes,Yes,Yes,Yes,Yes,Yes,Yes,Yes,Yes,Yes,Yes,Yes,Yes,Yes,Yes,Yes,Yes,Yes,Yes,Yes,Yes,Yes,Yes,Yes,Yes,Yes,Yes,Yes,Yes,Yes,Yes,Yes,Yes,Yes,Yes,Yes,Yes,Yes,Yes,Yes,Yes,Yes,YES,YES,YES,YES,YES,YES,YES,Yes,Yes
Commercial,Yes,Yes,Yes,Yes,Yes,Yes,Yes,Yes,Yes,Yes,Yes,Yes,Yes,Yes,Yes,Yes,Yes,Yes,Yes,Yes,Yes,Yes,Yes,Yes,Yes,Yes,Yes,Yes,Yes,Yes,Yes,Yes,Yes,Yes,Yes,Yes,Yes,Yes,Yes,Yes,Yes,Yes,Yes,Yes,Yes,Yes,Yes,Yes,Yes,Yes,Yes,Yes,Yes,Yes,Yes,Yes,YES,YES,YES,YES,YES,YES,YES,Yes,Yes
Media,Yes,Yes,Yes,Yes,Yes,Yes,Yes,Yes,Yes,Yes,Yes,Yes,Yes,Yes,Yes,Yes,Yes,Yes,Yes,Yes,Yes,Yes,Yes,Yes,Yes,Yes,Yes,Yes,Yes,Yes,Yes,Yes,Yes,Yes,Yes,Yes,Yes,Yes,Yes,Yes,Yes,Yes,Yes,Yes,Yes,Yes,Yes,Yes,Yes,Yes,Yes,Yes,Yes,Yes,Yes,Yes,Yes (recommended as primary),Yes (recommended as primary),Yes (recommended as primary),Yes (recommended as primary),Yes (recommended as primary),Yes (recommended as primary),Yes (recommended as primary),Yes,Yes
Services,Yes,Yes,Yes,Yes,Yes,Yes,Yes,Yes,Yes,Yes,Yes,Yes,Yes,Yes,Yes,Yes,Yes,Yes,Yes,Yes,Yes,Yes,Yes,Yes,Yes,Yes,Yes,Yes,Yes,Yes,Yes,Yes,Yes,Yes,Yes,Yes,Yes,Yes,Yes,Yes,Yes,Yes,Yes,Yes,Yes,Yes,Yes,Yes,Yes,Yes,Yes,Yes,Yes,Yes,Yes,Yes,YES,YES,YES,YES,YES,YES,YES,Yes,Yes
eCommerce,Yes,Yes,Yes,Yes,Yes,Yes,Yes,Yes,Yes,Yes,Yes,Yes,Yes,Yes,Yes,Yes,Yes,Yes,Yes,Yes,Yes,Yes,Yes,Yes,Yes,Yes,Yes,Yes,Yes,Yes,Yes,Yes,Yes,Yes,Yes,Yes,Yes,Yes,Yes,Yes,Yes,Yes,Yes,Yes,Yes,Yes,Yes,Yes,Yes,Yes,Yes,Yes,Yes,Yes,Yes,Yes,YES,YES,YES,YES,YES,YES,YES,Yes,Yes
Educational,Yes,Yes,Yes,Yes,Yes,Yes,Yes,Yes,Yes,Yes,Yes,Yes,Yes,Yes,Yes,Yes,Yes,Yes,Yes,Yes,Yes,Yes,Yes,Yes,Yes,Yes,Yes,Yes,Yes,Yes,Yes,Yes,Yes,Yes,Yes,Yes,Yes,Yes,Yes,Yes,Yes,Yes,Yes,Yes,Yes,Yes,Yes,Yes,Yes,Yes,Yes,Yes,Yes,Yes,Yes,Yes,YES,YES,YES,YES,YES,YES,YES,Yes,Yes
Crypto Activities,Yes,Yes,Yes,Yes,Yes,Yes,Yes,Yes,Yes,Yes,Yes,Yes,Yes,Yes,Yes,Yes,Yes,Yes,Yes,Yes,Yes,Yes,Yes,Yes,Yes,Yes,Yes,Yes,Yes,Yes,Yes,Yes,Yes,Yes,Yes,Yes,Yes,Yes,Yes,Yes,Yes,Yes,Yes,Yes,Yes,Yes,Yes,Yes,Yes,Yes,Yes,Yes,Yes,Yes,Yes,Yes,YES,YES,YES,YES,YES,YES,YES,Yes,Yes
Cost (company setup),,,,,,,,,,,,,,,,,,,,,,,,,,,,,,,,,,,,,,,,,,,,,,,,,,,,,,,,,,,,,,,,,
License (1 yr),"AED12,125.00 ","AED12,125.00 ","AED12,125.00 ","AED12,125.00 ","AED12,125.00 ","AED12,125.00 ","AED12,125.00 ","AED12,900.00 ","AED12,900.00 ","AED12,900.00 ","AED12,900.00 ","AED8,060.00 ","AED8,060.00 ","AED8,060.00 ","AED8,060.00 ","AED8,060.00 ","AED8,060.00 ","AED8,060.00 ","AED8,060.00 ","AED8,060.00 ","AED8,060.00 ","AED8,060.00 ","AED8,060.00 ","AED8,060.00 ","AED8,060.00 ","AED8,060.00 ","AED8,060.00 ","AED8,060.00 ","AED8,060.00 ","AED8,060.00 ","AED8,060.00 ","AED8,060.00 ","AED6,510.00 ","AED6,510.00 ","AED6,510.00 ","AED6,510.00 ","AED6,510.00 ","AED6,510.00 ","AED6,510.00 ","AED6,510.00 ","AED6,510.00 ","AED6,510.00 ","AED6,510.00 ","AED6,510.00 ","AED6,510.00 ","AED6,510.00 ","AED6,510.00 ","AED6,510.00 ","AED6,510.00 ","AED6,510.00 ","AED6,510.00 ","AED6,510.00 ","AED6,510.00 ","AED5,499.00 ","AED13,500.00 ","AED16,500.00 ","AED11,400.00 ","AED13,900.00 ","AED20,000.00 ","AED25,000.00 ","AED29,000.00 ","AED17,500.00 ","AED1,900.00 ","AED8,250.00 ","AED16,000.00 "
License (1 yr) IF MEDIA ACTIVITY,"AED12,125.00 ","AED12,125.00 ","AED12,125.00 ","AED12,125.00 ","AED12,125.00 ","AED12,125.00 ","AED12,125.00 ","AED12,900.00 ","AED12,900.00 ","AED12,900.00 ","AED12,900.00 ","AED5,760.00 ","AED5,760.00 ","AED5,760.00 ","AED5,760.00 ","AED5,760.00 ","AED5,760.00 ","AED5,760.00 ","AED5,760.00 ","AED5,760.00 ","AED5,760.00 ","AED5,760.00 ","AED5,760.00 ","AED5,760.00 ","AED5,760.00 ","AED5,760.00 ","AED5,760.00 ","AED5,760.00 ","AED5,760.00 ","AED5,760.00 ","AED5,760.00 ","AED5,760.00 ","AED5,760.00 ","AED5,760.00 ","AED5,760.00 ","AED5,760.00 ","AED5,760.00 ","AED5,760.00 ","AED5,760.00 ","AED5,760.00 ","AED5,760.00 ","AED5,760.00 ","AED5,760.00 ","AED5,760.00 ","AED5,760.00 ","AED5,760.00 ","AED5,760.00 ","AED5,760.00 ","AED5,760.00 ","AED5,760.00 ","AED5,760.00 ","AED5,760.00 ","AED5,760.00 ","AED5,499.00 ","AED12,900.00 ","AED16,500.00 ","AED8,200.00 ","AED11,200.00 ","AED20,000.00 ","AED25,000.00 ","AED29,000.00 ","AED14,500.00 ","AED1,600.00 ", NA , NA 
License (1 yr) (if women shareholders),"AED12,125.00 ","AED12,125.00 ","AED12,125.00 ","AED12,125.00 ","AED12,125.00 ","AED12,125.00 ","AED12,125.00 ","AED12,900.00 ","AED12,900.00 ","AED12,900.00 ","AED12,900.00 ","AED8,060.00 ","AED8,060.00 ","AED8,060.00 ","AED8,060.00 ","AED8,060.00 ","AED8,060.00 ","AED8,060.00 ","AED8,060.00 ","AED8,060.00 ","AED8,060.00 ","AED8,060.00 ","AED8,060.00 ","AED8,060.00 ","AED8,060.00 ","AED8,060.00 ","AED8,060.00 ","AED8,060.00 ","AED8,060.00 ","AED8,060.00 ","AED8,060.00 ","AED8,060.00 ","AED6,510.00 ","AED6,510.00 ","AED6,510.00 ","AED6,510.00 ","AED6,510.00 ","AED6,510.00 ","AED6,510.00 ","AED6,510.00 ","AED6,510.00 ","AED6,510.00 ","AED6,510.00 ","AED6,510.00 ","AED6,510.00 ","AED6,510.00 ","AED6,510.00 ","AED6,510.00 ","AED6,510.00 ","AED6,510.00 ","AED6,510.00 ","AED6,510.00 ","AED6,510.00 ","AED5,499.00 ","AED13,500.00 ","AED16,500.00 ","AED8,580.00 ","AED11,901.00 ","AED20,000.00 ","AED25,000.00 ","AED29,000.00 ","AED13,461.00 ","AED1,900.00 ", NA , NA 
License (1 yr) IF MEDIA ACTIVITY (if women shareholders),"AED12,125.00 ","AED12,125.00 ","AED12,125.00 ","AED12,125.00 ","AED12,125.00 ","AED12,125.00 ","AED12,125.00 ","AED12,900.00 ","AED12,900.00 ","AED12,900.00 ","AED12,900.00 ","AED5,760.00 ","AED5,760.00 ","AED5,760.00 ","AED5,760.00 ","AED5,760.00 ","AED5,760.00 ","AED5,760.00 ","AED5,760.00 ","AED5,760.00 ","AED5,760.00 ","AED5,760.00 ","AED5,760.00 ","AED5,760.00 ","AED5,760.00 ","AED5,760.00 ","AED5,760.00 ","AED5,760.00 ","AED5,760.00 ","AED5,760.00 ","AED5,760.00 ","AED5,760.00 ","AED5,760.00 ","AED5,760.00 ","AED5,760.00 ","AED5,760.00 ","AED5,760.00 ","AED5,760.00 ","AED5,760.00 ","AED5,760.00 ","AED5,760.00 ","AED5,760.00 ","AED5,760.00 ","AED5,760.00 ","AED5,760.00 ","AED5,760.00 ","AED5,760.00 ","AED5,760.00 ","AED5,760.00 ","AED5,760.00 ","AED5,760.00 ","AED5,760.00 ","AED5,760.00 ","AED5,499.00 ","AED12,900.00 ","AED16,500.00 ","AED6,180.00 ","AED9,501.00 ","AED20,000.00 ","AED25,000.00 ","AED29,000.00 ","AED11,061.00 ","AED1,600.00 ", NA , NA 
Shared desk / Lease,AED375.00 ,AED375.00 ,AED375.00 ,AED375.00 ,AED375.00 ,AED375.00 ,AED375.00 , AED-   , AED-   , AED-   , AED-   ,"AED2,573.00 ","AED2,573.00 ","AED2,573.00 ","AED2,573.00 ","AED2,573.00 ","AED2,573.00 ","AED2,573.00 ","AED2,573.00 ","AED2,573.00 ","AED2,573.00 ","AED2,573.00 ","AED2,573.00 ","AED2,573.00 ","AED2,573.00 ","AED2,573.00 ","AED2,573.00 ","AED2,573.00 ","AED2,573.00 ","AED2,573.00 ","AED2,573.00 ","AED2,573.00 ","AED2,573.00 ","AED2,573.00 ","AED2,573.00 ","AED2,573.00 ","AED2,573.00 ","AED2,573.00 ","AED2,573.00 ","AED2,573.00 ","AED2,573.00 ","AED2,573.00 ","AED2,573.00 ","AED2,573.00 ","AED2,573.00 ","AED2,573.00 ","AED2,573.00 ","AED2,573.00 ","AED2,573.00 ","AED2,573.00 ","AED2,573.00 ","AED2,573.00 ","AED2,573.00 ", Included , Included , Included , Included , Included , Included , Included , Included , Included , Included , NA , NA 
Immigration Pre-approval Per Applicant (included in cost of license),AED500.00 ,AED500.00 ,AED500.00 ,AED500.00 ,AED500.00 ,AED500.00 ,AED500.00 ,AED500.00 ,AED500.00 ,AED500.00 ,AED500.00 , AED-   , AED-   , AED-   , AED-   , AED-   , AED-   , AED-   , AED-   , AED-   , AED-   , AED-   , AED-   , AED-   , AED-   , AED-   , AED-   , AED-   , AED-   , AED-   , AED-   , AED-   , AED-   , AED-   , AED-   , AED-   , AED-   , AED-   , AED-   , AED-   , AED-   , AED-   , AED-   , AED-   , AED-   , AED-   , AED-   , AED-   , AED-   , AED-   , AED-   , AED-   , AED-   ,AED200.00 , AED-   , AED-   ,AED200.00 ,AED200.00 ,AED200.00 , AED-   , AED-   ,AED200.00 ,AED200.00 , NA , NA 
Cost (visa setup),,,,,,,,,,,,,,,,,,,,,,,,,,,,,,,,,,,,,,,,,,,,,,,,,,,,,,,,,,,,,,,,,
Establishment Card (E-Card) Initial Application , NA ,"AED2,000.00 ","AED2,000.00 ","AED2,000.00 ","AED2,000.00 ","AED2,000.00 ","AED2,000.00 ", NA ,"AED2,000.00 ","AED2,000.00 ","AED2,000.00 ", NA ,"AED1,575.00 ","AED1,575.00 ","AED1,575.00 ","AED1,575.00 ","AED1,575.00 ","AED1,575.00 ","AED1,575.00 ","AED1,575.00 ","AED1,575.00 ","AED1,575.00 ","AED1,575.00 ","AED1,575.00 ","AED1,575.00 ","AED1,575.00 ","AED1,575.00 ","AED1,575.00 ","AED1,575.00 ","AED1,575.00 ","AED1,575.00 ","AED1,575.00 ", NA ,"AED1,575.00 ","AED1,575.00 ","AED1,575.00 ","AED1,575.00 ","AED1,575.00 ","AED1,575.00 ","AED1,575.00 ","AED1,575.00 ","AED1,575.00 ","AED1,575.00 ","AED1,575.00 ","AED1,575.00 ","AED1,575.00 ","AED1,575.00 ","AED1,575.00 ","AED1,575.00 ","AED1,575.00 ","AED1,575.00 ","AED1,575.00 ","AED1,575.00 ", Not Applicable , Included , Included , Not Applicable , Included , Included , Included , Included , Included , Included , NA , NA 
Visa allocation (per visa), NA ,"AED1,850.00 ","AED1,850.00 ","AED1,850.00 ","AED1,850.00 ","AED1,850.00 ","AED1,850.00 ", NA ,"AED2,000.00 ","AED2,000.00 ","AED2,000.00 ", NA ,"AED1,120.00 ","AED1,120.00 ","AED1,120.00 ","AED1,120.00 ","AED1,120.00 ","AED1,120.00 ","AED1,120.00 ","AED1,120.00 ","AED1,120.00 ","AED1,120.00 ","AED1,120.00 ","AED1,120.00 ","AED1,120.00 ","AED1,120.00 ","AED1,120.00 ","AED1,120.00 ","AED1,120.00 ","AED1,120.00 ","AED1,120.00 ","AED1,120.00 ", NA ,"AED1,120.00 ","AED1,120.00 ","AED1,120.00 ","AED1,120.00 ","AED1,120.00 ","AED1,120.00 ","AED1,120.00 ","AED1,120.00 ","AED1,120.00 ","AED1,120.00 ","AED1,120.00 ","AED1,120.00 ","AED1,120.00 ","AED1,120.00 ","AED1,120.00 ","AED1,120.00 ","AED1,120.00 ","AED1,120.00 ","AED1,120.00 ","AED1,120.00 ", Not Applicable , Included , Included , Not Applicable , Included , Included , Included , Included , Included , Included , NA , NA 
Investor UAE Residence Visa Fee (Valid for 2 Years) New (per visa), NA ,"AED4,000.00 ","AED4,000.00 ","AED4,000.00 ","AED4,000.00 ","AED4,000.00 ","AED4,000.00 ", NA ,"AED4,750.00 ","AED4,750.00 ","AED4,750.00 ", NA ,"AED3,360.00 ","AED3,360.00 ","AED3,360.00 ","AED3,360.00 ","AED3,360.00 ","AED3,360.00 ","AED3,360.00 ","AED3,360.00 ","AED3,360.00 ","AED3,360.00 ","AED3,360.00 ","AED3,360.00 ","AED3,360.00 ","AED3,360.00 ","AED3,360.00 ","AED3,360.00 ","AED3,360.00 ","AED3,360.00 ","AED3,360.00 ","AED3,360.00 ", NA ,"AED3,360.00 ","AED3,360.00 ","AED3,360.00 ","AED3,360.00 ","AED3,360.00 ","AED3,360.00 ","AED3,360.00 ","AED3,360.00 ","AED3,360.00 ","AED3,360.00 ","AED3,360.00 ","AED3,360.00 ","AED3,360.00 ","AED3,360.00 ","AED3,360.00 ","AED3,360.00 ","AED3,360.00 ","AED3,360.00 ","AED3,360.00 ","AED3,360.00 ", Not Applicable , Included , Included , Not Applicable , Included , Included , Included , Included ,"AED4,520.00 ","AED4,520.00 ", NA , NA 
Employee UAE Residence Visa Fee (Valid for 2 Years) New (per visa), NA ,"AED3,500.00 ","AED3,500.00 ","AED3,500.00 ","AED3,500.00 ","AED3,500.00 ","AED3,500.00 ", NA ,"AED3,750.00 ","AED3,750.00 ","AED3,750.00 ", NA ,"AED3,360.00 ","AED3,360.00 ","AED3,360.00 ","AED3,360.00 ","AED3,360.00 ","AED3,360.00 ","AED3,360.00 ","AED3,360.00 ","AED3,360.00 ","AED3,360.00 ","AED3,360.00 ","AED3,360.00 ","AED3,360.00 ","AED3,360.00 ","AED3,360.00 ","AED3,360.00 ","AED3,360.00 ","AED3,360.00 ","AED3,360.00 ","AED3,360.00 ", NA ,"AED3,360.00 ","AED3,360.00 ","AED3,360.00 ","AED3,360.00 ","AED3,360.00 ","AED3,360.00 ","AED3,360.00 ","AED3,360.00 ","AED3,360.00 ","AED3,360.00 ","AED3,360.00 ","AED3,360.00 ","AED3,360.00 ","AED3,360.00 ","AED3,360.00 ","AED3,360.00 ","AED3,360.00 ","AED3,360.00 ","AED3,360.00 ","AED3,360.00 ", Not Applicable , Not applicable , Included , Not Applicable , Included , Included , Included , Included ,"AED3,800.00 ","AED3,800.00 ", NA , NA 
Refundable deposit on Manager/Employee Visa (per visa), NA , AED-   , AED-   , AED-   , AED-   , AED-   , AED-   , NA , AED-   , AED-   , AED-   , NA , AED-   , AED-   , AED-   , AED-   , AED-   , AED-   , AED-   , AED-   , AED-   , AED-   , AED-   , AED-   , AED-   , AED-   , AED-   , AED-   , AED-   , AED-   , AED-   , AED-   , NA , AED-   , AED-   , AED-   , AED-   , AED-   , AED-   , AED-   , AED-   , AED-   , AED-   , AED-   , AED-   , AED-   , AED-   , AED-   , AED-   , AED-   , AED-   , AED-   , AED-   , Not Applicable , Included ,"AED2,000.00 ", Not Applicable ,"AED2,000.00 ","AED2,000.00 ","AED2,000.00 ","AED2,000.00 ","AED2,000.00 ","AED2,000.00 ", NA , NA 
e-Channel Registration, NA , not needed , not needed , not needed , not needed , not needed , not needed , NA , not needed , not needed , not needed , NA ,"AED2,735.00 ","AED2,735.00 ","AED2,735.00 ","AED2,735.00 ","AED2,735.00 ","AED2,735.00 ","AED2,735.00 ","AED2,735.00 ","AED2,735.00 ","AED2,735.00 ","AED2,735.00 ","AED2,735.00 ","AED2,735.00 ","AED2,735.00 ","AED2,735.00 ","AED2,735.00 ","AED2,735.00 ","AED2,735.00 ","AED2,735.00 ","AED2,735.00 ", NA ,"AED2,735.00 ","AED2,735.00 ","AED2,735.00 ","AED2,735.00 ","AED2,735.00 ","AED2,735.00 ","AED2,735.00 ","AED2,735.00 ","AED2,735.00 ","AED2,735.00 ","AED2,735.00 ","AED2,735.00 ","AED2,735.00 ","AED2,735.00 ","AED2,735.00 ","AED2,735.00 ","AED2,735.00 ","AED2,735.00 ","AED2,735.00 ","AED2,735.00 ", Not Applicable , Included , Included , Not Applicable ,"AED2,300.00 ", Included , Included , Included ,"AED2,300.00 ","AED2,300.00 ", NA , NA 
Emirates ID application (per application), NA ,AED320.00 ,AED320.00 ,AED320.00 ,AED320.00 ,AED320.00 ,AED320.00 , NA ,AED320.00 ,AED320.00 ,AED320.00 , NA ,AED371.00 ,AED371.00 ,AED371.00 ,AED371.00 ,AED371.00 ,AED371.00 ,AED371.00 ,AED371.00 ,AED371.00 ,AED371.00 ,AED371.00 ,AED371.00 ,AED371.00 ,AED371.00 ,AED371.00 ,AED371.00 ,AED371.00 ,AED371.00 ,AED371.00 ,AED371.00 , NA ,AED371.00 ,AED371.00 ,AED371.00 ,AED371.00 ,AED371.00 ,AED371.00 ,AED371.00 ,AED371.00 ,AED371.00 ,AED371.00 ,AED371.00 ,AED371.00 ,AED371.00 ,AED371.00 ,AED371.00 ,AED371.00 ,AED371.00 ,AED371.00 ,AED371.00 ,AED371.00 , Not Applicable , Included , Included , Not Applicable ,AED370.00 , Included , Included , Included ,AED370.00 ,AED370.00 , NA , NA 
Medical tests (per application), NA ,AED750.00 ,AED750.00 ,AED750.00 ,AED750.00 ,AED750.00 ,AED750.00 , NA ,AED750.00 ,AED750.00 ,AED750.00 , NA ,AED750.00 ,AED750.00 ,AED750.00 ,AED750.00 ,AED750.00 ,AED750.00 ,AED750.00 ,AED750.00 ,AED750.00 ,AED750.00 ,AED750.00 ,AED750.00 ,AED750.00 ,AED750.00 ,AED750.00 ,AED750.00 ,AED750.00 ,AED750.00 ,AED750.00 ,AED750.00 , NA ,AED750.00 ,AED750.00 ,AED750.00 ,AED750.00 ,AED750.00 ,AED750.00 ,AED750.00 ,AED750.00 ,AED750.00 ,AED750.00 ,AED750.00 ,AED750.00 ,AED750.00 ,AED750.00 ,AED750.00 ,AED750.00 ,AED750.00 ,AED750.00 ,AED750.00 ,AED750.00 , Not Applicable , Included , Included , Not Applicable ,AED300.00 , Included , Included , Included ,AED300.00 ,AED300.00 , NA , NA 
In-country Status Change (per application), NA ,"AED1,500.00 ","AED1,500.00 ","AED1,500.00 ","AED1,500.00 ","AED1,500.00 ","AED1,500.00 ", NA ,"AED1,600.00 ","AED1,600.00 ","AED1,600.00 ", NA ,"AED1,103.00 ","AED1,103.00 ","AED1,103.00 ","AED1,103.00 ","AED1,103.00 ","AED1,103.00 ","AED1,103.00 ","AED1,103.00 ","AED1,103.00 ","AED1,103.00 ","AED1,103.00 ","AED1,103.00 ","AED1,103.00 ","AED1,103.00 ","AED1,103.00 ","AED1,103.00 ","AED1,103.00 ","AED1,103.00 ","AED1,103.00 ","AED1,103.00 ", NA ,"AED1,103.00 ","AED1,103.00 ","AED1,103.00 ","AED1,103.00 ","AED1,103.00 ","AED1,103.00 ","AED1,103.00 ","AED1,103.00 ","AED1,103.00 ","AED1,103.00 ","AED1,103.00 ","AED1,103.00 ","AED1,103.00 ","AED1,103.00 ","AED1,103.00 ","AED1,103.00 ","AED1,103.00 ","AED1,103.00 ","AED1,103.00 ","AED1,103.00 ", Not Applicable , Included , Included , Not Applicable ,AED985.00 , Included , Included , Included ,AED985.00 ,AED985.00 , NA , NA 
Cost (company renew),,,,,,,,,,,,,,,,,,,,,,,,,,,,,,,,,,,,,,,,,,,,,,,,,,,,,,,,,,,,,,,,,
License renewal (1 yr),"AED12,125.00 ","AED12,125.00 ","AED12,125.00 ","AED12,125.00 ","AED12,125.00 ","AED12,125.00 ","AED12,125.00 ","AED12,900.00 ","AED12,900.00 ","AED12,900.00 ","AED12,900.00 ","AED8,060.00 ","AED8,060.00 ","AED8,060.00 ","AED8,060.00 ","AED8,060.00 ","AED8,060.00 ","AED8,060.00 ","AED8,060.00 ","AED8,060.00 ","AED8,060.00 ","AED8,060.00 ","AED8,060.00 ","AED8,060.00 ","AED8,060.00 ","AED8,060.00 ","AED8,060.00 ","AED8,060.00 ","AED8,060.00 ","AED8,060.00 ","AED8,060.00 ","AED8,060.00 ","AED8,060.00 ","AED8,060.00 ","AED8,060.00 ","AED8,060.00 ","AED8,060.00 ","AED8,060.00 ","AED8,060.00 ","AED8,060.00 ","AED8,060.00 ","AED8,060.00 ","AED8,060.00 ","AED8,060.00 ","AED8,060.00 ","AED8,060.00 ","AED8,060.00 ","AED8,060.00 ","AED8,060.00 ","AED8,060.00 ","AED8,060.00 ","AED8,060.00 ","AED8,060.00 ","AED5,499.00 ","AED8,900.00 ","AED16,500.00 ","AED10,400.00 ","AED5,499.00 ","AED20,000.00 ","AED25,000.00 ","AED29,000.00 ","AED16,500.00 ","AED1,800.00 ","AED7,475.00 ","AED5,335.00 "
License renewal (1 yr) IF MEDIA ACTIVITY,"AED12,125.00 ","AED12,125.00 ","AED12,125.00 ","AED12,125.00 ","AED12,125.00 ","AED12,125.00 ","AED12,125.00 ","AED12,900.00 ","AED12,900.00 ","AED12,900.00 ","AED12,900.00 ","AED5,760.00 ","AED5,760.00 ","AED5,760.00 ","AED5,760.00 ","AED5,760.00 ","AED5,760.00 ","AED5,760.00 ","AED5,760.00 ","AED5,760.00 ","AED5,760.00 ","AED5,760.00 ","AED5,760.00 ","AED5,760.00 ","AED5,760.00 ","AED5,760.00 ","AED5,760.00 ","AED5,760.00 ","AED5,760.00 ","AED5,760.00 ","AED5,760.00 ","AED5,760.00 ","AED5,760.00 ","AED5,760.00 ","AED5,760.00 ","AED5,760.00 ","AED5,760.00 ","AED5,760.00 ","AED5,760.00 ","AED5,760.00 ","AED5,760.00 ","AED5,760.00 ","AED5,760.00 ","AED5,760.00 ","AED5,760.00 ","AED5,760.00 ","AED5,760.00 ","AED5,760.00 ","AED5,760.00 ","AED5,760.00 ","AED5,760.00 ","AED5,760.00 ","AED5,760.00 ","AED5,499.00 ","AED8,500.00 ","AED16,500.00 ","AED7,200.00 ","AED5,499.00 ","AED20,000.00 ","AED25,000.00 ","AED29,000.00 ","AED13,500.00 ","AED1,500.00 ", NA , NA 
License renewal (1 yr) (if women shareholders),"AED12,125.00 ","AED12,125.00 ","AED12,125.00 ","AED12,125.00 ","AED12,125.00 ","AED12,125.00 ","AED12,125.00 ","AED12,900.00 ","AED12,900.00 ","AED12,900.00 ","AED12,900.00 ","AED8,060.00 ","AED8,060.00 ","AED8,060.00 ","AED8,060.00 ","AED8,060.00 ","AED8,060.00 ","AED8,060.00 ","AED8,060.00 ","AED8,060.00 ","AED8,060.00 ","AED8,060.00 ","AED8,060.00 ","AED8,060.00 ","AED8,060.00 ","AED8,060.00 ","AED8,060.00 ","AED8,060.00 ","AED8,060.00 ","AED8,060.00 ","AED8,060.00 ","AED8,060.00 ","AED8,060.00 ","AED8,060.00 ","AED8,060.00 ","AED8,060.00 ","AED8,060.00 ","AED8,060.00 ","AED8,060.00 ","AED8,060.00 ","AED8,060.00 ","AED8,060.00 ","AED8,060.00 ","AED8,060.00 ","AED8,060.00 ","AED8,060.00 ","AED8,060.00 ","AED8,060.00 ","AED8,060.00 ","AED8,060.00 ","AED8,060.00 ","AED8,060.00 ","AED8,060.00 ","AED5,499.00 ","AED8,900.00 ","AED16,500.00 ","AED7,580.00 ","AED5,499.00 ","AED20,000.00 ","AED25,000.00 ","AED29,000.00 ","AED12,461.00 ","AED1,800.00 ", NA , NA 
License renewal (1 yr) IF MEDIA ACTIVITY (if women shareholders),"AED12,125.00 ","AED12,125.00 ","AED12,125.00 ","AED12,125.00 ","AED12,125.00 ","AED12,125.00 ","AED12,125.00 ","AED12,900.00 ","AED12,900.00 ","AED12,900.00 ","AED12,900.00 ","AED5,760.00 ","AED5,760.00 ","AED5,760.00 ","AED5,760.00 ","AED5,760.00 ","AED5,760.00 ","AED5,760.00 ","AED5,760.00 ","AED5,760.00 ","AED5,760.00 ","AED5,760.00 ","AED5,760.00 ","AED5,760.00 ","AED5,760.00 ","AED5,760.00 ","AED5,760.00 ","AED5,760.00 ","AED5,760.00 ","AED5,760.00 ","AED5,760.00 ","AED5,760.00 ","AED5,760.00 ","AED5,760.00 ","AED5,760.00 ","AED5,760.00 ","AED5,760.00 ","AED5,760.00 ","AED5,760.00 ","AED5,760.00 ","AED5,760.00 ","AED5,760.00 ","AED5,760.00 ","AED5,760.00 ","AED5,760.00 ","AED5,760.00 ","AED5,760.00 ","AED5,760.00 ","AED5,760.00 ","AED5,760.00 ","AED5,760.00 ","AED5,760.00 ","AED5,760.00 ","AED5,499.00 ","AED8,500.00 ","AED16,500.00 ","AED5,180.00 ","AED5,499.00 ","AED20,000.00 ","AED25,000.00 ","AED29,000.00 ","AED10,061.00 ","AED1,500.00 ", NA , NA 
Shared desk / Lease,AED375.00 ,AED375.00 ,AED375.00 ,AED375.00 ,AED375.00 ,AED375.00 ,AED375.00 , AED-   , AED-   , AED-   , AED-   ,"AED2,573.00 ","AED2,573.00 ","AED2,573.00 ","AED2,573.00 ","AED2,573.00 ","AED2,573.00 ","AED2,573.00 ","AED2,573.00 ","AED2,573.00 ","AED2,573.00 ","AED2,573.00 ","AED2,573.00 ","AED2,573.00 ","AED2,573.00 ","AED2,573.00 ","AED2,573.00 ","AED2,573.00 ","AED2,573.00 ","AED2,573.00 ","AED2,573.00 ","AED2,573.00 ","AED2,573.00 ","AED2,573.00 ","AED2,573.00 ","AED2,573.00 ","AED2,573.00 ","AED2,573.00 ","AED2,573.00 ","AED2,573.00 ","AED2,573.00 ","AED2,573.00 ","AED2,573.00 ","AED2,573.00 ","AED2,573.00 ","AED2,573.00 ","AED2,573.00 ","AED2,573.00 ","AED2,573.00 ","AED2,573.00 ","AED2,573.00 ","AED2,573.00 ","AED2,573.00 ", Included , Included , Included , Included , Included , Included , Included , Included , Included , Included , NA , NA 
Establishment Card Renewal , NA ,"AED2,200.00 ","AED2,200.00 ","AED2,200.00 ","AED2,200.00 ","AED2,200.00 ","AED2,200.00 ", NA ,"AED2,200.00 ","AED2,200.00 ","AED2,200.00 ", NA ,"AED1,575.00 ","AED1,575.00 ","AED1,575.00 ","AED1,575.00 ","AED1,575.00 ","AED1,575.00 ","AED1,575.00 ","AED1,575.00 ","AED1,575.00 ","AED1,575.00 ","AED1,575.00 ","AED1,575.00 ","AED1,575.00 ","AED1,575.00 ","AED1,575.00 ","AED1,575.00 ","AED1,575.00 ","AED1,575.00 ","AED1,575.00 ","AED1,575.00 ", NA ,"AED1,575.00 ","AED1,575.00 ","AED1,575.00 ","AED1,575.00 ","AED1,575.00 ","AED1,575.00 ","AED1,575.00 ","AED1,575.00 ","AED1,575.00 ","AED1,575.00 ","AED1,575.00 ","AED1,575.00 ","AED1,575.00 ","AED1,575.00 ","AED1,575.00 ","AED1,575.00 ","AED1,575.00 ","AED1,575.00 ","AED1,575.00 ","AED1,575.00 ", Not Applicable , Included , Included , Not Applicable , Included , Included , Included , Included , Included , Included , NA , NA 
e-Channel Renewal, not needed , not needed , not needed , not needed , not needed , not needed , not needed , not needed , not needed , not needed , not needed , NA ,"AED1,355.00 ","AED1,355.00 ","AED1,355.00 ","AED1,355.00 ","AED1,355.00 ","AED1,355.00 ","AED1,355.00 ","AED1,355.00 ","AED1,355.00 ","AED1,355.00 ","AED1,355.00 ","AED1,355.00 ","AED1,355.00 ","AED1,355.00 ","AED1,355.00 ","AED1,355.00 ","AED1,355.00 ","AED1,355.00 ","AED1,355.00 ","AED1,355.00 ", NA ,"AED1,355.00 ","AED1,355.00 ","AED1,355.00 ","AED1,355.00 ","AED1,355.00 ","AED1,355.00 ","AED1,355.00 ","AED1,355.00 ","AED1,355.00 ","AED1,355.00 ","AED1,355.00 ","AED1,355.00 ","AED1,355.00 ","AED1,355.00 ","AED1,355.00 ","AED1,355.00 ","AED1,355.00 ","AED1,355.00 ","AED1,355.00 ","AED1,355.00 ", Not Applicable , Included , Included , Not Applicable ,"AED1,300.00 ", Included , Included , Included ,"AED1,300.00 ","AED1,300.00 ", NA , NA 
Cost (optional),,,,,,,,,,,,,,,,,,,,,,,,,,,,,,,,,,,,,,,,,,,,,,,,,,,,,,,,,,,,,,,,,
Additional activity,"AED1,000.00 ","AED1,000.00 ","AED1,000.00 ","AED1,000.00 ","AED1,000.00 ","AED1,000.00 ","AED1,000.00 ","AED1,000.00 ","AED1,000.00 ","AED1,000.00 ","AED1,000.00 ", NA , NA , NA , NA , NA , NA , NA , NA , NA , NA , NA , NA , NA , NA , NA , NA , NA , NA , NA , NA , NA ,"AED2,000.00 ","AED2,000.00 ","AED2,000.00 ","AED2,000.00 ","AED2,000.00 ","AED2,000.00 ","AED2,000.00 ","AED2,000.00 ","AED2,000.00 ","AED2,000.00 ","AED2,000.00 ","AED2,000.00 ","AED2,000.00 ","AED2,000.00 ","AED2,000.00 ","AED2,000.00 ","AED2,000.00 ","AED2,000.00 ","AED2,000.00 ","AED2,000.00 ","AED2,000.00 ", Not Applicable , Not Applicable , Not Applicable , Not Applicable , Not Applicable , Not Applicable , Not Applicable , Not Applicable , Not Applicable , Not Applicable , NA , NA 
Full costs list,Meydan Fees,Meydan Fees,Meydan Fees,Meydan Fees,Meydan Fees,Meydan Fees,Meydan Fees,IFZA Fees,IFZA Fees,IFZA Fees,IFZA Fees,Shams Fees,Shams Fees,Shams Fees,Shams Fees,Shams Fees,Shams Fees,Shams Fees,Shams Fees,Shams Fees,Shams Fees,Shams Fees,Shams Fees,Shams Fees,Shams Fees,Shams Fees,Shams Fees,Shams Fees,Shams Fees,Shams Fees,Shams Fees,Shams Fees,Shams Fees,Shams Fees,Shams Fees,Shams Fees,Shams Fees,Shams Fees,Shams Fees,Shams Fees,Shams Fees,Shams Fees,Shams Fees,Shams Fees,Shams Fees,Shams Fees,Shams Fees,Shams Fees,Shams Fees,Shams Fees,Shams Fees,Shams Fees,Shams Fees,RAKEZ Fees,RAKEZ Fees,RAKEZ Fees,RAKEZ Fees,RAKEZ Fees,RAKEZ Fees,RAKEZ Fees,RAKEZ Fees,RAKEZ Fees,RAKEZ Fees,NA,NA
General requirements,,,,,,,,,,,,,,,,,,,,,,,,,,,,,,,,,,,,,,,,,,,,,,,,,,,,,,,,,,,,,,,,,
Office space required to secure each additional employment visa,NA,1 visa per 4 sq m,1 visa per 4 sq m,1 visa per 4 sq m,1 visa per 4 sq m,1 visa per 4 sq m,1 visa per 4 sq m,NA,1 visa per 4 sq m,1 visa per 4 sq m,1 visa per 4 sq m,NA,1 visa per 4 sq m,1 visa per 4 sq m,1 visa per 4 sq m,1 visa per 4 sq m,1 visa per 4 sq m,1 visa per 4 sq m,1 visa per 4 sq m,1 visa per 4 sq m,1 visa per 4 sq m,1 visa per 4 sq m,1 visa per 4 sq m,1 visa per 4 sq m,1 visa per 4 sq m,1 visa per 4 sq m,1 visa per 4 sq m,1 visa per 4 sq m,1 visa per 4 sq m,1 visa per 4 sq m,1 visa per 4 sq m,1 visa per 4 sq m,NA,1 visa per 4 sq m,1 visa per 4 sq m,1 visa per 4 sq m,1 visa per 4 sq m,1 visa per 4 sq m,1 visa per 4 sq m,1 visa per 4 sq m,1 visa per 4 sq m,1 visa per 4 sq m,1 visa per 4 sq m,1 visa per 4 sq m,1 visa per 4 sq m,1 visa per 4 sq m,1 visa per 4 sq m,1 visa per 4 sq m,1 visa per 4 sq m,1 visa per 4 sq m,1 visa per 4 sq m,1 visa per 4 sq m,1 visa per 4 sq m,Not Applicable,Not Applicable,Not Applicable,Not Applicable,Not Applicable,1 visa per 4 sq m,1 visa per 4 sq m,1 visa per 4 sq m,1 visa per 4 sq m,1 visa per 4 sq m,NA,NA
Physical office required,No,No,No,No,No,No,No,No,No,No,No,No,No,No,No,No,No,No,No,No,No,No,No,No,No,No,No,No,No,No,No,No,No,No,No,No,No,No,No,No,No,No,No,No,No,No,No,No,No,No,No,No,No,No,No,No,No,No,No,No,No,No,No,No,No
Travel required for company formation,No,No,No,No,No,No,No,No,No,No,No,No,No,No,No,No,No,No,No,No,No,No,No,No,No,No,No,No,No,No,No,No,No,No,No,No,No,No,No,No,No,No,No,No,No,No,No,No,No,No,No,No,No,No,No,No,No,No,No,No,No,No,No,No,Yes
Travel required for bank account openning,Yes,Yes,Yes,Yes,Yes,Yes,Yes,Yes,Yes,Yes,Yes,Yes,Yes,Yes,Yes,Yes,Yes,Yes,Yes,Yes,Yes,Yes,Yes,Yes,Yes,Yes,Yes,Yes,Yes,Yes,Yes,Yes,Yes,Yes,Yes,Yes,Yes,Yes,Yes,Yes,Yes,Yes,Yes,Yes,Yes,Yes,Yes,Yes,Yes,Yes,Yes,Yes,Yes,Yes,Yes,Yes,Yes,Yes,Yes,Yes,Yes,Yes,Yes,Yes,Yes
Migration / Redomiciliation to,No,No,No,No,No,No,No,Yes,Yes,Yes,Yes,No,No,No,No,No,No,No,No,No,No,No,No,No,No,No,No,No,No,No,No,No,No,No,No,No,No,No,No,No,No,No,No,No,No,No,No,No,No,No,No,No,No,No,No,No,No,No,No,No,No,No,No,Yes,Yes
Migration / Redimiciliation from,No,No,No,No,No,No,No,No,No,No,No,No,No,No,No,No,No,No,No,No,No,No,No,No,No,No,No,No,No,No,No,No,No,No,No,No,No,No,No,No,No,No,No,No,No,No,No,No,No,No,No,No,No,No,No,No,No,No,No,No,No,No,No,Yes,Yes
Legal Requirements,,,,,,,,,,,,,,,,,,,,,,,,,,,,,,,,,,,,,,,,,,,,,,,,,,,,,,,,,,,,,,,,,
Can do business with local customers by appointing local agent,Yes,Yes,Yes,Yes,Yes,Yes,Yes,Yes,Yes,Yes,Yes,Yes,Yes,Yes,Yes,Yes,Yes,Yes,Yes,Yes,Yes,Yes,Yes,Yes,Yes,Yes,Yes,Yes,Yes,Yes,Yes,Yes,Yes,Yes,Yes,Yes,Yes,Yes,Yes,Yes,Yes,Yes,Yes,Yes,Yes,Yes,Yes,Yes,Yes,Yes,Yes,Yes,Yes,Yes,Yes,Yes,Yes,Yes,Yes,Yes,Yes,Yes,Yes,Yes,Yes
Can do business with local customers w/o appointing local agent,No,No,No,No,No,No,No,Yes,Yes,Yes,Yes,No,No,No,No,No,No,No,No,No,No,No,No,No,No,No,No,No,No,No,No,No,No,No,No,No,No,No,No,No,No,No,No,No,No,No,No,No,No,No,No,No,No,No,No,No,No,No,No,No,No,No,No,Yes,Yes
Documents to be legalized by client,"Yes, if corporate shareholder","Yes, if corporate shareholder","Yes, if corporate shareholder","Yes, if corporate shareholder","Yes, if corporate shareholder","Yes, if corporate shareholder","Yes, if corporate shareholder","Yes, if corporate shareholder","Yes, if corporate shareholder","Yes, if corporate shareholder","Yes, if corporate shareholder","Yes, if corporate shareholder","Yes, if corporate shareholder","Yes, if corporate shareholder","Yes, if corporate shareholder","Yes, if corporate shareholder","Yes, if corporate shareholder","Yes, if corporate shareholder","Yes, if corporate shareholder","Yes, if corporate shareholder","Yes, if corporate shareholder","Yes, if corporate shareholder","Yes, if corporate shareholder","Yes, if corporate shareholder","Yes, if corporate shareholder","Yes, if corporate shareholder","Yes, if corporate shareholder","Yes, if corporate shareholder","Yes, if corporate shareholder","Yes, if corporate shareholder","Yes, if corporate shareholder","Yes, if corporate shareholder","Yes, if corporate shareholder","Yes, if corporate shareholder","Yes, if corporate shareholder","Yes, if corporate shareholder","Yes, if corporate shareholder","Yes, if corporate shareholder","Yes, if corporate shareholder","Yes, if corporate shareholder","Yes, if corporate shareholder","Yes, if corporate shareholder","Yes, if corporate shareholder","Yes, if corporate shareholder","Yes, if corporate shareholder","Yes, if corporate shareholder","Yes, if corporate shareholder","Yes, if corporate shareholder","Yes, if corporate shareholder","Yes, if corporate shareholder","Yes, if corporate shareholder","Yes, if corporate shareholder","Yes, if corporate shareholder",No,No,No,No,No,No,No,No,No,No,Yes (only if corp shareholders),Yes (only if corp shareholders)
Required Filings,,,,,,,,,,,,,,,,,,,,,,,,,,,,,,,,,,,,,,,,,,,,,,,,,,,,,,,,,,,,,,,,,
Shareholders filing,Yes,Yes,Yes,Yes,Yes,Yes,Yes,Yes,Yes,Yes,Yes,Yes,Yes,Yes,Yes,Yes,Yes,Yes,Yes,Yes,Yes,Yes,Yes,Yes,Yes,Yes,Yes,Yes,Yes,Yes,Yes,Yes,Yes,Yes,Yes,Yes,Yes,Yes,Yes,Yes,Yes,Yes,Yes,Yes,Yes,Yes,Yes,Yes,Yes,Yes,Yes,Yes,Yes,Yes,Yes,Yes,Yes,Yes,Yes,Yes,Yes,Yes,Yes,Yes,Yes
Directors ,Yes,Yes,Yes,Yes,Yes,Yes,Yes,Yes,Yes,Yes,Yes,Yes,Yes,Yes,Yes,Yes,Yes,Yes,Yes,Yes,Yes,Yes,Yes,Yes,Yes,Yes,Yes,Yes,Yes,Yes,Yes,Yes,Yes,Yes,Yes,Yes,Yes,Yes,Yes,Yes,Yes,Yes,Yes,Yes,Yes,Yes,Yes,Yes,Yes,Yes,Yes,Yes,Yes,Yes,Yes,Yes,Yes,Yes,Yes,Yes,Yes,Yes,Yes,Yes,Yes
Managers filing,Yes,Yes,Yes,Yes,Yes,Yes,Yes,Yes,Yes,Yes,Yes,Yes,Yes,Yes,Yes,Yes,Yes,Yes,Yes,Yes,Yes,Yes,Yes,Yes,Yes,Yes,Yes,Yes,Yes,Yes,Yes,Yes,Yes,Yes,Yes,Yes,Yes,Yes,Yes,Yes,Yes,Yes,Yes,Yes,Yes,Yes,Yes,Yes,Yes,Yes,Yes,Yes,Yes,Yes,Yes,Yes,Yes,Yes,Yes,Yes,Yes,Yes,Yes,NA,NA
Company secretary filing,No,No,No,No,No,No,No,No,No,No,No,No,No,No,No,No,No,No,No,No,No,No,No,No,No,No,No,No,No,No,No,No,No,No,No,No,No,No,No,No,No,No,No,No,No,No,No,No,No,No,No,No,No,No,No,No,No,No,No,No,No,No,No,Yes,Yes
Director can act as secretary,Yes,Yes,Yes,Yes,Yes,Yes,Yes,Yes,Yes,Yes,Yes,Yes,Yes,Yes,Yes,Yes,Yes,Yes,Yes,Yes,Yes,Yes,Yes,Yes,Yes,Yes,Yes,Yes,Yes,Yes,Yes,Yes,Yes,Yes,Yes,Yes,Yes,Yes,Yes,Yes,Yes,Yes,Yes,Yes,Yes,Yes,Yes,Yes,Yes,Yes,Yes,Yes,Yes,Yes,Yes,Yes,Yes,Yes,Yes,Yes,Yes,Yes,Yes,Yes,Yes
Beneficial owners disclosure,Yes,Yes,Yes,Yes,Yes,Yes,Yes,Yes,Yes,Yes,Yes,Yes,Yes,Yes,Yes,Yes,Yes,Yes,Yes,Yes,Yes,Yes,Yes,Yes,Yes,Yes,Yes,Yes,Yes,Yes,Yes,Yes,Yes,Yes,Yes,Yes,Yes,Yes,Yes,Yes,Yes,Yes,Yes,Yes,Yes,Yes,Yes,Yes,Yes,Yes,Yes,Yes,Yes,Yes,Yes,Yes,Yes,Yes,Yes,Yes,Yes,Yes,Yes,Yes,Yes
Local Requirements,,,,,,,,,,,,,,,,,,,,,,,,,,,,,,,,,,,,,,,,,,,,,,,,,,,,,,,,,,,,,,,,,
Local registered office required,Yes,Yes,Yes,Yes,Yes,Yes,Yes,Yes,Yes,Yes,Yes,Yes,Yes,Yes,Yes,Yes,Yes,Yes,Yes,Yes,Yes,Yes,Yes,Yes,Yes,Yes,Yes,Yes,Yes,Yes,Yes,Yes,Yes,Yes,Yes,Yes,Yes,Yes,Yes,Yes,Yes,Yes,Yes,Yes,Yes,Yes,Yes,Yes,Yes,Yes,Yes,Yes,Yes,Yes,Yes,Yes,Yes,Yes,Yes,Yes,Yes,Yes,Yes,Yes,Yes
Local registered agent required,No,No,No,No,No,No,No,No,No,No,No,No,No,No,No,No,No,No,No,No,No,No,No,No,No,No,No,No,No,No,No,No,No,No,No,No,No,No,No,No,No,No,No,No,No,No,No,No,No,No,No,No,No,No,No,No,No,No,No,No,No,No,No,Yes,Yes
Public register of shareholders,No,No,No,No,No,No,No,No,No,No,No,No,No,No,No,No,No,No,No,No,No,No,No,No,No,No,No,No,No,No,No,No,No,No,No,No,No,No,No,No,No,No,No,No,No,No,No,No,No,No,No,No,No,No,No,No,No,No,No,No,No,No,No,No,No
Public register of directors,No,No,No,No,No,No,No,No,No,No,No,No,No,No,No,No,No,No,No,No,No,No,No,No,No,No,No,No,No,No,No,No,No,No,No,No,No,No,No,No,No,No,No,No,No,No,No,No,No,No,No,No,No,No,No,No,No,No,No,No,No,No,No,No,No
Resident director/manager required,No,No,No,No,No,No,No,No,No,No,No,No,No,No,No,No,No,No,No,No,No,No,No,No,No,No,No,No,No,No,No,No,No,No,No,No,No,No,No,No,No,No,No,No,No,No,No,No,No,No,No,No,No,No,No,No,No,No,No,No,No,No,No,No,No
Resident secretary required,No,No,No,No,No,No,No,No,No,No,No,No,No,No,No,No,No,No,No,No,No,No,No,No,No,No,No,No,No,No,No,No,No,No,No,No,No,No,No,No,No,No,No,No,No,No,No,No,No,No,No,No,No,No,No,No,No,No,No,No,No,No,No,No,No
Resident legal representative required,No,No,No,No,No,No,No,No,No,No,No,No,No,No,No,No,No,No,No,No,No,No,No,No,No,No,No,No,No,No,No,No,No,No,No,No,No,No,No,No,No,No,No,No,No,No,No,No,No,No,No,No,No,No,No,No,No,No,No,No,No,No,No,No,No
Local shareholder required,No,No,No,No,No,No,No,No,No,No,No,No,No,No,No,No,No,No,No,No,No,No,No,No,No,No,No,No,No,No,No,No,No,No,No,No,No,No,No,No,No,No,No,No,No,No,No,No,No,No,No,No,No,No,No,No,No,No,No,No,No,No,No,No,No
Location of board meetings,Anywhere,Anywhere,Anywhere,Anywhere,Anywhere,Anywhere,Anywhere,Anywhere,Anywhere,Anywhere,Anywhere,Anywhere,Anywhere,Anywhere,Anywhere,Anywhere,Anywhere,Anywhere,Anywhere,Anywhere,Anywhere,Anywhere,Anywhere,Anywhere,Anywhere,Anywhere,Anywhere,Anywhere,Anywhere,Anywhere,Anywhere,Anywhere,Anywhere,Anywhere,Anywhere,Anywhere,Anywhere,Anywhere,Anywhere,Anywhere,Anywhere,Anywhere,Anywhere,Anywhere,Anywhere,Anywhere,Anywhere,Anywhere,Anywhere,Anywhere,Anywhere,Anywhere,Anywhere,Anywhere,Anywhere,Anywhere,Anywhere,Anywhere,Anywhere,Anywhere,Anywhere,Anywhere,Anywhere,Anywhere,Anywhere
Administration,From anywhere,From anywhere,From anywhere,From anywhere,From anywhere,From anywhere,From anywhere,From anywhere,From anywhere,From anywhere,From anywhere,From anywhere,From anywhere,From anywhere,From anywhere,From anywhere,From anywhere,From anywhere,From anywhere,From anywhere,From anywhere,From anywhere,From anywhere,From anywhere,From anywhere,From anywhere,From anywhere,From anywhere,From anywhere,From anywhere,From anywhere,From anywhere,From anywhere,From anywhere,From anywhere,From anywhere,From anywhere,From anywhere,From anywhere,From anywhere,From anywhere,From anywhere,From anywhere,From anywhere,From anywhere,From anywhere,From anywhere,From anywhere,From anywhere,From anywhere,From anywhere,From anywhere,From anywhere,From anywhere,From anywhere,From anywhere,From anywhere,From anywhere,From anywhere,From anywhere,From anywhere,From anywhere,From anywhere,From anywhere,From anywhere
Tax,,,,,,,,,,,,,,,,,,,,,,,,,,,,,,,,,,,,,,,,,,,,,,,,,,,,,,,,,,,,,,,,,
Tax on profits,No,No,No,No,No,No,No,No,No,No,No,No,No,No,No,No,No,No,No,No,No,No,No,No,No,No,No,No,No,No,No,No,No,No,No,No,No,No,No,No,No,No,No,No,No,No,No,No,No,No,No,No,No,No,No,No,No,No,No,No,No,No,No,No,No
Tax on offshore profits,No,No,No,No,No,No,No,No,No,No,No,No,No,No,No,No,No,No,No,No,No,No,No,No,No,No,No,No,No,No,No,No,No,No,No,No,No,No,No,No,No,No,No,No,No,No,No,No,No,No,No,No,No,No,No,No,No,No,No,No,No,No,No,No,No
Access to double taxation treaties,Yes,Yes,Yes,Yes,Yes,Yes,Yes,Yes,Yes,Yes,Yes,Yes,Yes,Yes,Yes,Yes,Yes,Yes,Yes,Yes,Yes,Yes,Yes,Yes,Yes,Yes,Yes,Yes,Yes,Yes,Yes,Yes,Yes,Yes,Yes,Yes,Yes,Yes,Yes,Yes,Yes,Yes,Yes,Yes,Yes,Yes,Yes,Yes,Yes,Yes,Yes,Yes,Yes,Yes,Yes,Yes,Yes,Yes,Yes,Yes,Yes,Yes,Yes,No,No
VAT payable on sales to local customers,5%,5%,5%,5%,5%,5%,5%,5%,5%,5%,5%,5%,5%,5%,5%,5%,5%,5%,5%,5%,5%,5%,5%,5%,5%,5%,5%,5%,5%,5%,5%,5%,5%,5%,5%,5%,5%,5%,5%,5%,5%,5%,5%,5%,5%,5%,5%,5%,5%,5%,5%,5%,5%,5%,5%,5%,5%,5%,5%,5%,5%,5%,5%,5%,5%
Accounting,,,,,,,,,,,,,,,,,,,,,,,,,,,,,,,,,,,,,,,,,,,,,,,,,,,,,,,,,,,,,,,,,
Annual audited financial statements,Yes,Yes,Yes,Yes,Yes,Yes,Yes,No,No,No,No,No,No,No,No,No,No,No,No,No,No,No,No,No,No,No,No,No,No,No,No,No,No,No,No,No,No,No,No,No,No,No,No,No,No,No,No,No,No,No,No,No,No,No,No,No,No,No,No,No,No,No,No,No,No
Appoint an auditor,Yes,Yes,Yes,Yes,Yes,Yes,Yes,No,No,No,No,No,No,No,No,No,No,No,No,No,No,No,No,No,No,No,No,No,No,No,No,No,No,No,No,No,No,No,No,No,No,No,No,No,No,No,No,No,No,No,No,No,No,No,No,No,No,No,No,No,No,No,No,No,No
Maintain accounts,Yes,Yes,Yes,Yes,Yes,Yes,Yes,Yes,Yes,Yes,Yes,Yes,Yes,Yes,Yes,Yes,Yes,Yes,Yes,Yes,Yes,Yes,Yes,Yes,Yes,Yes,Yes,Yes,Yes,Yes,Yes,Yes,Yes,Yes,Yes,Yes,Yes,Yes,Yes,Yes,Yes,Yes,Yes,Yes,Yes,Yes,Yes,Yes,Yes,Yes,Yes,Yes,Yes,Yes,Yes,Yes,Yes,Yes,Yes,Yes,Yes,Yes,Yes,Yes,Yes
File accounts,No,No,No,No,No,No,No,No,No,No,No,No,No,No,No,No,No,No,No,No,No,No,No,No,No,No,No,No,No,No,No,No,No,No,No,No,No,No,No,No,No,No,No,No,No,No,No,No,No,No,No,No,No,No,No,No,No,No,No,No,No,No,No,No,No
File annual tax return,No,No,No,No,No,No,No,No,No,No,No,No,No,No,No,No,No,No,No,No,No,No,No,No,No,No,No,No,No,No,No,No,No,No,No,No,No,No,No,No,No,No,No,No,No,No,No,No,No,No,No,No,No,No,No,No,No,No,No,No,No,No,No,No,No
File quarterly VAT tax return,Yes,Yes,Yes,Yes,Yes,Yes,Yes,Yes,Yes,Yes,Yes,Yes,Yes,Yes,Yes,Yes,Yes,Yes,Yes,Yes,Yes,Yes,Yes,Yes,Yes,Yes,Yes,Yes,Yes,Yes,Yes,Yes,Yes,Yes,Yes,Yes,Yes,Yes,Yes,Yes,Yes,Yes,Yes,Yes,Yes,Yes,Yes,Yes,Yes,Yes,Yes,Yes,Yes,Yes,Yes,Yes,Yes,Yes,Yes,Yes,Yes,Yes,Yes,No,No
Exchange controls,No,No,No,No,No,No,No,No,No,No,No,No,No,No,No,No,No,No,No,No,No,No,No,No,No,No,No,No,No,No,No,No,No,No,No,No,No,No,No,No,No,No,No,No,No,No,No,No,No,No,No,No,No,No,No,No,No,No,No,No,No,No,No,No,No
Office Rent,,,,,,,,,,,,,,,,,,,,,,,,,,,,,,,,,,,,,,,,,,,,,,,,,,,,,,,,,,,,,,,,,
Must rent office premises,No,No,No,No,No,No,No,No,No,No,No,No,No,No,No,No,No,No,No,No,No,No,No,No,No,No,No,No,No,No,No,No,No,No,No,No,No,No,No,No,No,No,No,No,No,No,No,No,No,No,No,No,No,No,No,No,No,No,No,No,No,No,No,No,No
Can rent office in the country,"Yes, anywhere in Dubai","Yes, anywhere in Dubai","Yes, anywhere in Dubai","Yes, anywhere in Dubai","Yes, anywhere in Dubai","Yes, anywhere in Dubai","Yes, anywhere in Dubai",Only in free zone,Only in free zone,Only in free zone,Only in free zone,Only in free zone,Only in free zone,Only in free zone,Only in free zone,Only in free zone,Only in free zone,Only in free zone,Only in free zone,Only in free zone,Only in free zone,Only in free zone,Only in free zone,Only in free zone,Only in free zone,Only in free zone,Only in free zone,Only in free zone,Only in free zone,Only in free zone,Only in free zone,Only in free zone,Only in free zone,Only in free zone,Only in free zone,Only in free zone,Only in free zone,Only in free zone,Only in free zone,Only in free zone,Only in free zone,Only in free zone,Only in free zone,Only in free zone,Only in free zone,Only in free zone,Only in free zone,Only in free zone,Only in free zone,Only in free zone,Only in free zone,Only in free zone,Only in free zone,Only in free zone,Only in free zone,Only in free zone,Only in free zone,Only in free zone,Only in free zone,Only in free zone,Only in free zone,Only in free zone,Only in free zone,No,No
Can rent office outside free zones,Yes,Yes,Yes,Yes,Yes,Yes,Yes,No,No,No,No,No,No,No,No,No,No,No,No,No,No,No,No,No,No,No,No,No,No,No,No,No,No,No,No,No,No,No,No,No,No,No,No,No,No,No,No,No,No,No,No,No,No,No,No,No,No,No,No,No,No,No,No,No,No
Employment,,,,,,,,,,,,,,,,,,,,,,,,,,,,,,,,,,,,,,,,,,,,,,,,,,,,,,,,,,,,,,,,,
Maximum number of employees allowed,No maximum ,No maximum ,No maximum ,No maximum ,No maximum ,No maximum ,No maximum ,No maximum ,No maximum ,No maximum ,No maximum ,No maximum ,No maximum ,No maximum ,No maximum ,No maximum ,No maximum ,No maximum ,No maximum ,No maximum ,No maximum ,No maximum ,No maximum ,No maximum ,No maximum ,No maximum ,No maximum ,No maximum ,No maximum ,No maximum ,No maximum ,No maximum ,No maximum ,No maximum ,No maximum ,No maximum ,No maximum ,No maximum ,No maximum ,No maximum ,No maximum ,No maximum ,No maximum ,No maximum ,No maximum ,No maximum ,No maximum ,No maximum ,No maximum ,No maximum ,No maximum ,No maximum ,No maximum ,No maximum ,No maximum ,No maximum ,No maximum ,No maximum ,No maximum ,No maximum ,No maximum ,No maximum ,No maximum ,NA,NA
Can the entity hire expatriate staff,No,Yes,Yes,Yes,Yes,Yes,Yes,No,Yes,Yes,Yes,No,Yes,Yes,Yes,Yes,Yes,Yes,Yes,Yes,Yes,Yes,Yes,Yes,Yes,Yes,Yes,Yes,Yes,Yes,Yes,Yes,Yes,Yes,Yes,Yes,Yes,Yes,Yes,Yes,Yes,Yes,Yes,Yes,Yes,Yes,Yes,Yes,Yes,Yes,Yes,Yes,Yes,No,No,No,No,No,Yes,Yes,Yes,Yes,Yes,No,No
Bank Account,,,,,,,,,,,,,,,,,,,,,,,,,,,,,,,,,,,,,,,,,,,,,,,,,,,,,,,,,,,,,,,,,
Multi-currency bank account,Yes,Yes,Yes,Yes,Yes,Yes,Yes,Yes,Yes,Yes,Yes,Yes,Yes,Yes,Yes,Yes,Yes,Yes,Yes,Yes,Yes,Yes,Yes,Yes,Yes,Yes,Yes,Yes,Yes,Yes,Yes,Yes,Yes,Yes,Yes,Yes,Yes,Yes,Yes,Yes,Yes,Yes,Yes,Yes,Yes,Yes,Yes,Yes,Yes,Yes,Yes,Yes,Yes,Yes,Yes,Yes,Yes,Yes,Yes,Yes,Yes,Yes,Yes,Yes,Yes
Visa debit card available,Yes,Yes,Yes,Yes,Yes,Yes,Yes,Yes,Yes,Yes,Yes,Yes,Yes,Yes,Yes,Yes,Yes,Yes,Yes,Yes,Yes,Yes,Yes,Yes,Yes,Yes,Yes,Yes,Yes,Yes,Yes,Yes,Yes,Yes,Yes,Yes,Yes,Yes,Yes,Yes,Yes,Yes,Yes,Yes,Yes,Yes,Yes,Yes,Yes,Yes,Yes,Yes,Yes,Yes,Yes,Yes,Yes,Yes,Yes,Yes,Yes,Yes,Yes,Yes,Yes
ATM card available,Yes,Yes,Yes,Yes,Yes,Yes,Yes,Yes,Yes,Yes,Yes,Yes,Yes,Yes,Yes,Yes,Yes,Yes,Yes,Yes,Yes,Yes,Yes,Yes,Yes,Yes,Yes,Yes,Yes,Yes,Yes,Yes,Yes,Yes,Yes,Yes,Yes,Yes,Yes,Yes,Yes,Yes,Yes,Yes,Yes,Yes,Yes,Yes,Yes,Yes,Yes,Yes,Yes,Yes,Yes,Yes,Yes,Yes,Yes,Yes,Yes,Yes,Yes,Yes,Yes